<?xml version="1.0" encoding="UTF-8"?>
<beans xmlns="http://www.springframework.org/schema/beans"
       xmlns:xsi="http://www.w3.org/2001/XMLSchema-instance"
       xmlns:context="http://www.springframework.org/schema/context"
       xmlns:mybatis="http://mybatis.org/schema/mybatis-spring" xmlns:tx="http://www.springframework.org/schema/tx"
       xsi:schemaLocation="http://www.springframework.org/schema/beans http://www.springframework.org/schema/beans/spring-beans.xsd http://www.springframework.org/schema/context http://www.springframework.org/schema/context/spring-context.xsd http://mybatis.org/schema/mybatis-spring http://mybatis.org/schema/mybatis-spring.xsd http://www.springframework.org/schema/tx http://www.springframework.org/schema/tx/spring-tx.xsd">

    <!--
       use-default-filters="true" 使用默认的过滤器 @controller @service @Reposity @compoment
    -->
    <context:component-scan base-package="com.qst.goodsmanagement" use-default-filters="true">
        <!--
            不扫描Controller
        -->
        <context:exclude-filter type="annotation" expression="org.springframework.stereotype.Controller"/>
    </context:component-scan>

    <bean id="dataSource" class="org.springframework.jdbc.datasource.DriverManagerDataSource">
        <property name="username" value="root"/>
        <property name="password" value="123456"/>
        <property name="url" value="jdbc:mysql://localhost:3306/mybatis?useUnicode=true&amp;characterEncoding=utf-8"/>
        <property name="driverClassName" value="com.mysql.jdbc.Driver"/>
    </bean>

    <!--  事务管理器 完成手动事务管理-->
    <bean id="transactionManager" class="org.springframework.jdbc.datasource.DataSourceTransactionManager">
        <property name="dataSource" ref="dataSource"/>
    </bean>

    <!--配置mybatis-->
    <!--

        sqlsessionFactory 管理连接池
        sqlSessionFactory sqlSesion工厂  sqlSession  Connection
        connection.preparedStatment() ; ResultSet
        insesrt users User username  insert into users values(?,?,?);
        UserDAO save  JdbcTemplete.update
    -->
    <bean id="sqlSessionFactory" class="org.mybatis.spring.SqlSessionFactoryBean">
        <property name="dataSource" ref="dataSource" />
        <property name="mapperLocations" value="classpath:com/qst/goodsmanagement/dao/*.xml"/>
        <property name="configuration">
            <bean class="org.apache.ibatis.session.Configuration">
                <property name="mapUnderscoreToCamelCase" value="true"/>
                <property name="aggressiveLazyLoading" value="false"/>
                <property name="cacheEnabled" value="true"/>
                <property name="lazyLoadingEnabled" value="true"/>
            </bean>
        </property>

    </bean>

    <mybatis:scan base-package="com.qst.goodsmanagement.dao"/>

    <tx:annotation-driven transaction-manager="transactionManager"/>

</beans>