<?xml version="1.0" encoding="UTF-8"?>
<beans xmlns="http://www.springframework.org/schema/beans"
       xmlns:xsi="http://www.w3.org/2001/XMLSchema-instance"
       xmlns:context="http://www.springframework.org/schema/context"
       xmlns:mvc="http://www.springframework.org/schema/mvc" xmlns:mvn="http://www.springframework.org/schema/mvc"
       xsi:schemaLocation="http://www.springframework.org/schema/beans http://www.springframework.org/schema/beans/spring-beans.xsd http://www.springframework.org/schema/context http://www.springframework.org/schema/context/spring-context.xsd http://www.springframework.org/schema/mvc http://www.springframework.org/schema/mvc/spring-mvc.xsd">

    <!--只扫描@Controller注解-->
    <context:component-scan base-package="com.qst.goodsmanagement" use-default-filters="false">
         <context:include-filter type="annotation" expression="org.springframework.stereotype.Controller"/>
    </context:component-scan>

    <!--
       配置视图解析器
    -->
    <bean class="org.springframework.web.servlet.view.InternalResourceViewResolver">
        <property name="prefix" value="/WEB-INF/jsp/"/>
        <property name="suffix" value=".jsp"/>
    </bean>

    <!--
        DispatchServlet不拦截静态资源
        http://localhost:8080/springmvc_05_i18n_war_exploded/static/js/jquery.min.js
    -->
    <mvc:resources mapping="/static/**" location="/static/" />

    <mvc:view-controller path="toGoodsList" view-name="goodsList"/>

    <!--开启 SpringMvc 注解支持-->
    <mvc:annotation-driven/>
    
</beans>