<?xml version="1.0" encoding="UTF-8"?>
<!DOCTYPE mapper PUBLIC "-//mybatis.org//DTD Mapper 3.0//EN" "http://mybatis.org/dtd/mybatis-3-mapper.dtd">
<mapper namespace="com.qst.goodsmanagement.dao.GoodsMapper">
  <resultMap id="BaseResultMap" type="com.qst.goodsmanagement.beans.Goods">
    <!--@mbg.generated-->
    <!--@Table tb_goods-->
    <id column="goodid" jdbcType="INTEGER" property="goodid" />
    <result column="goodname" jdbcType="VARCHAR" property="goodname" />
    <result column="goodprice" jdbcType="INTEGER" property="goodprice" />
    <result column="marketdate" jdbcType="DATE" property="marketdate" />
    <result column="goodnum" jdbcType="INTEGER" property="goodnum" />
    <result column="discount" jdbcType="FLOAT" property="discount" />
  </resultMap>
  <sql id="Example_Where_Clause">
    <!--@mbg.generated-->
    <where>
      <foreach collection="oredCriteria" item="criteria" separator="or">
        <if test="criteria.valid">
          <trim prefix="(" prefixOverrides="and" suffix=")">
            <foreach collection="criteria.criteria" item="criterion">
              <choose>
                <when test="criterion.noValue">
                  and ${criterion.condition}
                </when>
                <when test="criterion.singleValue">
                  and ${criterion.condition} #{criterion.value}
                </when>
                <when test="criterion.betweenValue">
                  and ${criterion.condition} #{criterion.value} and #{criterion.secondValue}
                </when>
                <when test="criterion.listValue">
                  and ${criterion.condition}
                  <foreach close=")" collection="criterion.value" item="listItem" open="(" separator=",">
                    #{listItem}
                  </foreach>
                </when>
              </choose>
            </foreach>
          </trim>
        </if>
      </foreach>
    </where>
  </sql>
  <sql id="Update_By_Example_Where_Clause">
    <!--@mbg.generated-->
    <where>
      <foreach collection="example.oredCriteria" item="criteria" separator="or">
        <if test="criteria.valid">
          <trim prefix="(" prefixOverrides="and" suffix=")">
            <foreach collection="criteria.criteria" item="criterion">
              <choose>
                <when test="criterion.noValue">
                  and ${criterion.condition}
                </when>
                <when test="criterion.singleValue">
                  and ${criterion.condition} #{criterion.value}
                </when>
                <when test="criterion.betweenValue">
                  and ${criterion.condition} #{criterion.value} and #{criterion.secondValue}
                </when>
                <when test="criterion.listValue">
                  and ${criterion.condition}
                  <foreach close=")" collection="criterion.value" item="listItem" open="(" separator=",">
                    #{listItem}
                  </foreach>
                </when>
              </choose>
            </foreach>
          </trim>
        </if>
      </foreach>
    </where>
  </sql>
  <sql id="Base_Column_List">
    <!--@mbg.generated-->
    goodid, goodname, goodprice, marketdate, goodnum, discount
  </sql>
  <select id="selectByExample" parameterType="com.qst.goodsmanagement.beans.GoodsExample" resultMap="BaseResultMap">
    <!--@mbg.generated-->
    select
    <if test="distinct">
      distinct
    </if>
    <include refid="Base_Column_List" />
    from tb_goods
    <if test="_parameter != null">
      <include refid="Example_Where_Clause" />
    </if>
    <if test="orderByClause != null">
      order by ${orderByClause}
    </if>
  </select>
  <select id="selectByPrimaryKey" parameterType="java.lang.Integer" resultMap="BaseResultMap">
    <!--@mbg.generated-->
    select 
    <include refid="Base_Column_List" />
    from tb_goods
    where goodid = #{goodid,jdbcType=INTEGER}
  </select>
  <delete id="deleteByPrimaryKey" parameterType="java.lang.Integer">
    <!--@mbg.generated-->
    delete from tb_goods
    where goodid = #{goodid,jdbcType=INTEGER}
  </delete>
  <delete id="deleteByExample" parameterType="com.qst.goodsmanagement.beans.GoodsExample">
    <!--@mbg.generated-->
    delete from tb_goods
    <if test="_parameter != null">
      <include refid="Example_Where_Clause" />
    </if>
  </delete>
  <insert id="insertSelective" keyColumn="goodid" keyProperty="goodid" parameterType="com.qst.goodsmanagement.beans.Goods" useGeneratedKeys="true">
    <!--@mbg.generated-->
    insert into tb_goods
    <trim prefix="(" suffix=")" suffixOverrides=",">
      <if test="goodname != null">
        goodname,
      </if>
      <if test="goodprice != null">
        goodprice,
      </if>
      <if test="marketdate != null">
        marketdate,
      </if>
      <if test="goodnum != null">
        goodnum,
      </if>
      <if test="discount != null">
        discount,
      </if>
    </trim>
    <trim prefix="values (" suffix=")" suffixOverrides=",">
      <if test="goodname != null">
        #{goodname,jdbcType=VARCHAR},
      </if>
      <if test="goodprice != null">
        #{goodprice,jdbcType=INTEGER},
      </if>
      <if test="marketdate != null">
        #{marketdate,jdbcType=DATE},
      </if>
      <if test="goodnum != null">
        #{goodnum,jdbcType=INTEGER},
      </if>
      <if test="discount != null">
        #{discount,jdbcType=FLOAT},
      </if>
    </trim>
  </insert>
  <select id="countByExample" parameterType="com.qst.goodsmanagement.beans.GoodsExample" resultType="java.lang.Long">
    <!--@mbg.generated-->
    select count(*) from tb_goods
    <if test="_parameter != null">
      <include refid="Example_Where_Clause" />
    </if>
  </select>
  <update id="updateByExampleSelective" parameterType="map">
    <!--@mbg.generated-->
    update tb_goods
    <set>
      <if test="record.goodid != null">
        goodid = #{record.goodid,jdbcType=INTEGER},
      </if>
      <if test="record.goodname != null">
        goodname = #{record.goodname,jdbcType=VARCHAR},
      </if>
      <if test="record.goodprice != null">
        goodprice = #{record.goodprice,jdbcType=INTEGER},
      </if>
      <if test="record.marketdate != null">
        marketdate = #{record.marketdate,jdbcType=DATE},
      </if>
      <if test="record.goodnum != null">
        goodnum = #{record.goodnum,jdbcType=INTEGER},
      </if>
      <if test="record.discount != null">
        discount = #{record.discount,jdbcType=FLOAT},
      </if>
    </set>
    <if test="_parameter != null">
      <include refid="Update_By_Example_Where_Clause" />
    </if>
  </update>
  <update id="updateByExample" parameterType="map">
    <!--@mbg.generated-->
    update tb_goods
    set goodid = #{record.goodid,jdbcType=INTEGER},
      goodname = #{record.goodname,jdbcType=VARCHAR},
      goodprice = #{record.goodprice,jdbcType=INTEGER},
      marketdate = #{record.marketdate,jdbcType=DATE},
      goodnum = #{record.goodnum,jdbcType=INTEGER},
      discount = #{record.discount,jdbcType=FLOAT}
    <if test="_parameter != null">
      <include refid="Update_By_Example_Where_Clause" />
    </if>
  </update>
  <update id="updateByPrimaryKeySelective" parameterType="com.qst.goodsmanagement.beans.Goods">
    <!--@mbg.generated-->
    update tb_goods
    <set>
      <if test="goodname != null">
        goodname = #{goodname,jdbcType=VARCHAR},
      </if>
      <if test="goodprice != null">
        goodprice = #{goodprice,jdbcType=INTEGER},
      </if>
      <if test="marketdate != null">
        marketdate = #{marketdate,jdbcType=DATE},
      </if>
      <if test="goodnum != null">
        goodnum = #{goodnum,jdbcType=INTEGER},
      </if>
      <if test="discount != null">
        discount = #{discount,jdbcType=FLOAT},
      </if>
    </set>
    where goodid = #{goodid,jdbcType=INTEGER}
  </update>
<!--auto generated by MybatisCodeHelper on 2021-02-05-->
  <select id="selectAll" resultMap="BaseResultMap">
    select <include refid="Base_Column_List"/>
    from tb_goods
  </select>
<!--auto generated by MybatisCodeHelper on 2021-02-05-->
  <select id="selectByGoodname" resultMap="BaseResultMap">
    select <include refid="Base_Column_List"/>
    from tb_goods
    where goodname=#{goodname,jdbcType=VARCHAR}
  </select>
</mapper>